SUBURB,Adjoining_SUBURB
ACACIA RIDGE,ALGESTER
ACACIA RIDGE,ARCHERFIELD
ACACIA RIDGE,COOPERS PLAINS
ACACIA RIDGE,SUNNYBANK
ACACIA RIDGE,SUNNYBANK HILLS
ACACIA RIDGE,WILLAWONG
ALBION,ASCOT
ALBION,BOWEN HILLS
ALBION,CLAYFIELD
ALBION,HAMILTON
ALBION,LUTWYCHE
ALBION,NEWSTEAD
ALBION,WINDSOR
ALBION,WOOLOOWIN
ALDERLEY,ASHGROVE
ALDERLEY,ENOGGERA
ALDERLEY,GRANGE
ALDERLEY,NEWMARKET
ALDERLEY,STAFFORD
ALGESTER,ACACIA RIDGE
ALGESTER,CALAMVALE
ALGESTER,LARAPINTA
ALGESTER,PALLARA
ALGESTER,PARKINSON
ALGESTER,SUNNYBANK HILLS
ALGESTER,WILLAWONG
ANNERLEY,FAIRFIELD
ANNERLEY,GREENSLOPES
ANNERLEY,MOOROOKA
ANNERLEY,TARRAGINDI
ANNERLEY,WOOLLOONGABBA
ANNERLEY,YEERONGPILLY
ANNERLEY,YERONGA
ANSTEAD,BELLBOWRIE
ANSTEAD,KHOLO
ANSTEAD,MOGGILL
ANSTEAD,MOUNT CROSBY
ANSTEAD,PINJARRA HILLS
ANSTEAD,PULLENVALE
ARCHERFIELD,ACACIA RIDGE
ARCHERFIELD,COOPERS PLAINS
ARCHERFIELD,ROCKLEA
ARCHERFIELD,WILLAWONG
ASCOT,ALBION
ASCOT,CLAYFIELD
ASCOT,EAGLE FARM
ASCOT,HAMILTON
ASCOT,HENDRA
ASHGROVE,ALDERLEY
ASHGROVE,BARDON
ASHGROVE,ENOGGERA
ASHGROVE,NEWMARKET
ASHGROVE,RED HILL
ASHGROVE,THE GAP
ASPLEY,BRIDGEMAN DOWNS
ASPLEY,CARSELDINE
ASPLEY,CHERMSIDE
ASPLEY,CHERMSIDE WEST
ASPLEY,GEEBUNG
ASPLEY,MCDOWALL
ASPLEY,ZILLMERE
AUCHENFLOWER,BARDON
AUCHENFLOWER,MILTON
AUCHENFLOWER,PADDINGTON
AUCHENFLOWER,TOOWONG
AUCHENFLOWER,WEST END
BALD HILLS,BRACKEN RIDGE
BALD HILLS,BRIDGEMAN DOWNS
BALD HILLS,BRIGHTON
BALD HILLS,CARSELDINE
BALD HILLS,FITZGIBBON
BALMORAL,BULIMBA
BALMORAL,HAWTHORNE
BALMORAL,MORNINGSIDE
BANKS CREEK,ENGLAND CREEK
BANKS CREEK,LAKE MANCHESTER
BANYO,BOONDALL
BANYO,BRISBANE AIRPORT
BANYO,NORTHGATE
BANYO,NUDGEE
BANYO,VIRGINIA
BARDON,ASHGROVE
BARDON,AUCHENFLOWER
BARDON,MOUNT COOT-THA
BARDON,PADDINGTON
BARDON,RED HILL
BARDON,THE GAP
BARDON,TOOWONG
BELLBOWRIE,ANSTEAD
BELLBOWRIE,MOGGILL
BELLBOWRIE,PINJARRA HILLS
BELLBOWRIE,RIVERHILLS
BELLBOWRIE,WESTLAKE
BELMONT,BURBANK
BELMONT,CARINDALE
BELMONT,CHANDLER
BELMONT,GUMDALE
BELMONT,MACKENZIE
BELMONT,TINGALPA
BOONDALL,BANYO
BOONDALL,DEAGON
BOONDALL,GEEBUNG
BOONDALL,NUDGEE
BOONDALL,NUDGEE BEACH
BOONDALL,SANDGATE
BOONDALL,SHORNCLIFFE
BOONDALL,TAIGUM
BOONDALL,VIRGINIA
BOONDALL,ZILLMERE
BOWEN HILLS,ALBION
BOWEN HILLS,FORTITUDE VALLEY
BOWEN HILLS,HERSTON
BOWEN HILLS,NEWSTEAD
BOWEN HILLS,SPRING HILL
BOWEN HILLS,WINDSOR
BRACKEN RIDGE,BALD HILLS
BRACKEN RIDGE,BRIGHTON
BRACKEN RIDGE,DEAGON
BRACKEN RIDGE,FITZGIBBON
BRACKEN RIDGE,SANDGATE
BRIDGEMAN DOWNS,ASPLEY
BRIDGEMAN DOWNS,BALD HILLS
BRIDGEMAN DOWNS,CARSELDINE
BRIDGEMAN DOWNS,MCDOWALL
BRIGHTON,BALD HILLS
BRIGHTON,BRACKEN RIDGE
BRIGHTON,SANDGATE
BRISBANE AIRPORT,BANYO
BRISBANE AIRPORT,EAGLE FARM
BRISBANE AIRPORT,HENDRA
BRISBANE AIRPORT,NORTHGATE
BRISBANE AIRPORT,NUDGEE
BRISBANE AIRPORT,NUDGEE BEACH
BRISBANE AIRPORT,NUNDAH
BRISBANE AIRPORT,PINKENBA
BRISBANE CITY,FORTITUDE VALLEY
BRISBANE CITY,KANGAROO POINT
BRISBANE CITY,KELVIN GROVE
BRISBANE CITY,MILTON
BRISBANE CITY,PETRIE TERRACE
BRISBANE CITY,SOUTH BRISBANE
BRISBANE CITY,SPRING HILL
BROOKFIELD,ENOGGERA RESERVOIR
BROOKFIELD,KENMORE
BROOKFIELD,KENMORE HILLS
BROOKFIELD,MOUNT COOT-THA
BROOKFIELD,PINJARRA HILLS
BROOKFIELD,PULLENVALE
BROOKFIELD,THE GAP
BROOKFIELD,UPPER BROOKFIELD
BULIMBA,BALMORAL
BULIMBA,HAMILTON
BULIMBA,HAWTHORNE
BULIMBA,MORNINGSIDE
BULIMBA,NEWSTEAD
BULIMBA,TENERIFFE
BULWER,MORETON ISLAND
BURBANK,BELMONT
BURBANK,CHANDLER
BURBANK,MACKENZIE
BURBANK,ROCHEDALE
CALAMVALE,ALGESTER
CALAMVALE,DREWVALE
CALAMVALE,PARKINSON
CALAMVALE,RUNCORN
CALAMVALE,STRETTON
CALAMVALE,SUNNYBANK HILLS
CAMP HILL,CARINA
CAMP HILL,CARINA HEIGHTS
CAMP HILL,COORPAROO
CAMP HILL,HOLLAND PARK
CAMP HILL,NORMAN PARK
CAMP HILL,SEVEN HILLS
CANNON HILL,CARINA
CANNON HILL,MORNINGSIDE
CANNON HILL,MURARRIE
CANNON HILL,SEVEN HILLS
CANNON HILL,TINGALPA
CARINA,CAMP HILL
CARINA,CANNON HILL
CARINA,CARINA HEIGHTS
CARINA,CARINDALE
CARINA,SEVEN HILLS
CARINA,TINGALPA
CARINA HEIGHTS,CAMP HILL
CARINA HEIGHTS,CARINA
CARINA HEIGHTS,CARINDALE
CARINA HEIGHTS,HOLLAND PARK
CARINA HEIGHTS,MANSFIELD
CARINA HEIGHTS,MOUNT GRAVATT EAST
CARINDALE,BELMONT
CARINDALE,CARINA
CARINDALE,CARINA HEIGHTS
CARINDALE,MACKENZIE
CARINDALE,MANSFIELD
CARINDALE,MOUNT GRAVATT EAST
CARINDALE,TINGALPA
CARSELDINE,ASPLEY
CARSELDINE,BALD HILLS
CARSELDINE,BRIDGEMAN DOWNS
CARSELDINE,FITZGIBBON
CARSELDINE,ZILLMERE
CHANDLER,BELMONT
CHANDLER,BURBANK
CHANDLER,GUMDALE
CHANDLER,RANSOME
CHAPEL HILL,FIG TREE POCKET
CHAPEL HILL,INDOOROOPILLY
CHAPEL HILL,KENMORE
CHAPEL HILL,KENMORE HILLS
CHAPEL HILL,MOUNT COOT-THA
CHELMER,FIG TREE POCKET
CHELMER,GRACEVILLE
CHELMER,INDOOROOPILLY
CHERMSIDE,ASPLEY
CHERMSIDE,CHERMSIDE WEST
CHERMSIDE,GEEBUNG
CHERMSIDE,KEDRON
CHERMSIDE,WAVELL HEIGHTS
CHERMSIDE WEST,ASPLEY
CHERMSIDE WEST,CHERMSIDE
CHERMSIDE WEST,KEDRON
CHERMSIDE WEST,MCDOWALL
CHERMSIDE WEST,STAFFORD HEIGHTS
CHUWAR,KHOLO
CHUWAR,MOUNT CROSBY
CLAYFIELD,ALBION
CLAYFIELD,ASCOT
CLAYFIELD,HENDRA
CLAYFIELD,KALINGA
CLAYFIELD,NUNDAH
CLAYFIELD,WOOLOOWIN
COOPERS PLAINS,ACACIA RIDGE
COOPERS PLAINS,ARCHERFIELD
COOPERS PLAINS,NATHAN
COOPERS PLAINS,ROBERTSON
COOPERS PLAINS,ROCKLEA
COOPERS PLAINS,SALISBURY
COOPERS PLAINS,SUNNYBANK
COORPAROO,CAMP HILL
COORPAROO,EAST BRISBANE
COORPAROO,GREENSLOPES
COORPAROO,HOLLAND PARK
COORPAROO,NORMAN PARK
COORPAROO,STONES CORNER
COORPAROO,WOOLLOONGABBA
CORINDA,FIG TREE POCKET
CORINDA,OXLEY
CORINDA,ROCKLEA
CORINDA,SHERWOOD
COWAN COWAN,MORETON ISLAND
DARRA,INALA
DARRA,JAMBOREE HEIGHTS
DARRA,OXLEY
DARRA,RICHLANDS
DARRA,SEVENTEEN MILE ROCKS
DARRA,SINNAMON PARK
DARRA,SUMNER
DARRA,WACOL
DEAGON,BOONDALL
DEAGON,BRACKEN RIDGE
DEAGON,FITZGIBBON
DEAGON,SANDGATE
DEAGON,TAIGUM
DOOLANDELLA,DURACK
DOOLANDELLA,FOREST LAKE
DOOLANDELLA,INALA
DOOLANDELLA,PALLARA
DOOLANDELLA,WILLAWONG
DREWVALE,CALAMVALE
DREWVALE,KARAWATHA
DREWVALE,PARKINSON
DREWVALE,STRETTON
DURACK,DOOLANDELLA
DURACK,INALA
DURACK,OXLEY
DURACK,WILLAWONG
DUTTON PARK,FAIRFIELD
DUTTON PARK,HIGHGATE HILL
DUTTON PARK,SOUTH BRISBANE
DUTTON PARK,ST LUCIA
DUTTON PARK,WOOLLOONGABBA
EAGLE FARM,ASCOT
EAGLE FARM,BRISBANE AIRPORT
EAGLE FARM,HAMILTON
EAGLE FARM,HENDRA
EAGLE FARM,MORNINGSIDE
EAGLE FARM,MURARRIE
EAGLE FARM,PINKENBA
EAST BRISBANE,COORPAROO
EAST BRISBANE,KANGAROO POINT
EAST BRISBANE,NEW FARM
EAST BRISBANE,NORMAN PARK
EAST BRISBANE,WOOLLOONGABBA
EIGHT MILE PLAINS,KURABY
EIGHT MILE PLAINS,MACGREGOR
EIGHT MILE PLAINS,ROCHEDALE
EIGHT MILE PLAINS,RUNCORN
EIGHT MILE PLAINS,SUNNYBANK
EIGHT MILE PLAINS,UPPER MOUNT GRAVATT
EIGHT MILE PLAINS,WISHART
ELLEN GROVE,FOREST LAKE
ELLEN GROVE,WACOL
ENGLAND CREEK,BANKS CREEK
ENOGGERA,ALDERLEY
ENOGGERA,ASHGROVE
ENOGGERA,EVERTON PARK
ENOGGERA,GAYTHORNE
ENOGGERA,KEPERRA
ENOGGERA,MITCHELTON
ENOGGERA,STAFFORD
ENOGGERA,THE GAP
ENOGGERA RESERVOIR,BROOKFIELD
ENOGGERA RESERVOIR,LAKE MANCHESTER
ENOGGERA RESERVOIR,THE GAP
ENOGGERA RESERVOIR,UPPER BROOKFIELD
ENOGGERA RESERVOIR,UPPER KEDRON
EVERTON PARK,ENOGGERA
EVERTON PARK,GAYTHORNE
EVERTON PARK,MCDOWALL
EVERTON PARK,MITCHELTON
EVERTON PARK,STAFFORD
EVERTON PARK,STAFFORD HEIGHTS
FAIRFIELD,ANNERLEY
FAIRFIELD,DUTTON PARK
FAIRFIELD,ST LUCIA
FAIRFIELD,WOOLLOONGABBA
FAIRFIELD,YERONGA
FERNY GROVE,KEPERRA
FERNY GROVE,UPPER KEDRON
FIG TREE POCKET,CHAPEL HILL
FIG TREE POCKET,CHELMER
FIG TREE POCKET,CORINDA
FIG TREE POCKET,GRACEVILLE
FIG TREE POCKET,INDOOROOPILLY
FIG TREE POCKET,JINDALEE
FIG TREE POCKET,KENMORE
FIG TREE POCKET,OXLEY
FIG TREE POCKET,SEVENTEEN MILE ROCKS
FIG TREE POCKET,SHERWOOD
FIG TREE POCKET,SINNAMON PARK
FITZGIBBON,BALD HILLS
FITZGIBBON,BRACKEN RIDGE
FITZGIBBON,CARSELDINE
FITZGIBBON,DEAGON
FITZGIBBON,TAIGUM
FITZGIBBON,ZILLMERE
FOREST LAKE,DOOLANDELLA
FOREST LAKE,ELLEN GROVE
FOREST LAKE,HEATHWOOD
FOREST LAKE,INALA
FOREST LAKE,PALLARA
FOREST LAKE,RICHLANDS
FOREST LAKE,WACOL
FORTITUDE VALLEY,BOWEN HILLS
FORTITUDE VALLEY,BRISBANE CITY
FORTITUDE VALLEY,KANGAROO POINT
FORTITUDE VALLEY,NEW FARM
FORTITUDE VALLEY,NEWSTEAD
FORTITUDE VALLEY,SPRING HILL
FORTITUDE VALLEY,TENERIFFE
GAYTHORNE,ENOGGERA
GAYTHORNE,EVERTON PARK
GAYTHORNE,MITCHELTON
GEEBUNG,ASPLEY
GEEBUNG,BOONDALL
GEEBUNG,CHERMSIDE
GEEBUNG,VIRGINIA
GEEBUNG,WAVELL HEIGHTS
GEEBUNG,ZILLMERE
GORDON PARK,GRANGE
GORDON PARK,KEDRON
GORDON PARK,LUTWYCHE
GORDON PARK,STAFFORD
GRACEVILLE,CHELMER
GRACEVILLE,FIG TREE POCKET
GRACEVILLE,INDOOROOPILLY
GRACEVILLE,SHERWOOD
GRACEVILLE,TENNYSON
GRANGE,ALDERLEY
GRANGE,GORDON PARK
GRANGE,LUTWYCHE
GRANGE,NEWMARKET
GRANGE,STAFFORD
GRANGE,WILSTON
GRANGE,WINDSOR
GREENSLOPES,ANNERLEY
GREENSLOPES,COORPAROO
GREENSLOPES,HOLLAND PARK
GREENSLOPES,HOLLAND PARK WEST
GREENSLOPES,STONES CORNER
GREENSLOPES,TARRAGINDI
GREENSLOPES,WOOLLOONGABBA
GUMDALE,BELMONT
GUMDALE,CHANDLER
GUMDALE,RANSOME
GUMDALE,TINGALPA
GUMDALE,WAKERLEY
HAMILTON,ALBION
HAMILTON,ASCOT
HAMILTON,BULIMBA
HAMILTON,EAGLE FARM
HAMILTON,MORNINGSIDE
HAMILTON,MURARRIE
HAMILTON,NEWSTEAD
HAWTHORNE,BALMORAL
HAWTHORNE,BULIMBA
HAWTHORNE,MORNINGSIDE
HAWTHORNE,NEW FARM
HAWTHORNE,NORMAN PARK
HAWTHORNE,TENERIFFE
HEATHWOOD,FOREST LAKE
HEATHWOOD,LARAPINTA
HEATHWOOD,PALLARA
HEMMANT,LYTTON
HEMMANT,MURARRIE
HEMMANT,PINKENBA
HEMMANT,TINGALPA
HEMMANT,WYNNUM WEST
HENDRA,ASCOT
HENDRA,BRISBANE AIRPORT
HENDRA,CLAYFIELD
HENDRA,EAGLE FARM
HENDRA,NUNDAH
HERSTON,BOWEN HILLS
HERSTON,KELVIN GROVE
HERSTON,SPRING HILL
HERSTON,WILSTON
HERSTON,WINDSOR
HIGHGATE HILL,DUTTON PARK
HIGHGATE HILL,SOUTH BRISBANE
HIGHGATE HILL,ST LUCIA
HIGHGATE HILL,WEST END
HOLLAND PARK,CAMP HILL
HOLLAND PARK,CARINA HEIGHTS
HOLLAND PARK,COORPAROO
HOLLAND PARK,GREENSLOPES
HOLLAND PARK,HOLLAND PARK WEST
HOLLAND PARK,MOUNT GRAVATT
HOLLAND PARK,MOUNT GRAVATT EAST
HOLLAND PARK WEST,GREENSLOPES
HOLLAND PARK WEST,HOLLAND PARK
HOLLAND PARK WEST,MOUNT GRAVATT
HOLLAND PARK WEST,NATHAN
HOLLAND PARK WEST,TARRAGINDI
INALA,DARRA
INALA,DOOLANDELLA
INALA,DURACK
INALA,FOREST LAKE
INALA,OXLEY
INALA,RICHLANDS
INDOOROOPILLY,CHAPEL HILL
INDOOROOPILLY,CHELMER
INDOOROOPILLY,FIG TREE POCKET
INDOOROOPILLY,GRACEVILLE
INDOOROOPILLY,MOUNT COOT-THA
INDOOROOPILLY,ST LUCIA
INDOOROOPILLY,TARINGA
INDOOROOPILLY,TENNYSON
INDOOROOPILLY,YERONGA
JAMBOREE HEIGHTS,DARRA
JAMBOREE HEIGHTS,MIDDLE PARK
JAMBOREE HEIGHTS,MOUNT OMMANEY
JAMBOREE HEIGHTS,SINNAMON PARK
JAMBOREE HEIGHTS,SUMNER
JINDALEE,FIG TREE POCKET
JINDALEE,KENMORE
JINDALEE,MOUNT OMMANEY
JINDALEE,PINJARRA HILLS
JINDALEE,SINNAMON PARK
KALINGA,CLAYFIELD
KALINGA,KEDRON
KALINGA,NUNDAH
KALINGA,WAVELL HEIGHTS
KALINGA,WOOLOOWIN
KANGAROO POINT,BRISBANE CITY
KANGAROO POINT,EAST BRISBANE
KANGAROO POINT,FORTITUDE VALLEY
KANGAROO POINT,NEW FARM
KANGAROO POINT,SOUTH BRISBANE
KANGAROO POINT,WOOLLOONGABBA
KARANA DOWNS,MOUNT CROSBY
KARAWATHA,DREWVALE
KARAWATHA,KURABY
KARAWATHA,STRETTON
KEDRON,CHERMSIDE
KEDRON,CHERMSIDE WEST
KEDRON,GORDON PARK
KEDRON,KALINGA
KEDRON,LUTWYCHE
KEDRON,STAFFORD
KEDRON,STAFFORD HEIGHTS
KEDRON,WAVELL HEIGHTS
KEDRON,WOOLOOWIN
KELVIN GROVE,BRISBANE CITY
KELVIN GROVE,HERSTON
KELVIN GROVE,NEWMARKET
KELVIN GROVE,PETRIE TERRACE
KELVIN GROVE,RED HILL
KELVIN GROVE,SPRING HILL
KELVIN GROVE,WILSTON
KENMORE,BROOKFIELD
KENMORE,CHAPEL HILL
KENMORE,FIG TREE POCKET
KENMORE,JINDALEE
KENMORE,KENMORE HILLS
KENMORE,PINJARRA HILLS
KENMORE HILLS,BROOKFIELD
KENMORE HILLS,CHAPEL HILL
KENMORE HILLS,KENMORE
KENMORE HILLS,MOUNT COOT-THA
KEPERRA,ENOGGERA
KEPERRA,FERNY GROVE
KEPERRA,MITCHELTON
KEPERRA,THE GAP
KEPERRA,UPPER KEDRON
KHOLO,ANSTEAD
KHOLO,CHUWAR
KHOLO,LAKE MANCHESTER
KHOLO,MOUNT CROSBY
KHOLO,PULLENVALE
KHOLO,UPPER BROOKFIELD
KOORINGAL,MORETON ISLAND
KURABY,EIGHT MILE PLAINS
KURABY,KARAWATHA
KURABY,RUNCORN
KURABY,STRETTON
LAKE MANCHESTER,BANKS CREEK
LAKE MANCHESTER,ENOGGERA RESERVOIR
LAKE MANCHESTER,KHOLO
LAKE MANCHESTER,UPPER BROOKFIELD
LARAPINTA,ALGESTER
LARAPINTA,HEATHWOOD
LARAPINTA,PALLARA
LARAPINTA,PARKINSON
LOTA,MANLY
LOTA,MANLY WEST
LOTA,RANSOME
LOTA,WAKERLEY
LUTWYCHE,ALBION
LUTWYCHE,GORDON PARK
LUTWYCHE,GRANGE
LUTWYCHE,KEDRON
LUTWYCHE,WINDSOR
LUTWYCHE,WOOLOOWIN
LYTTON,HEMMANT
LYTTON,PINKENBA
LYTTON,PORT OF BRISBANE
LYTTON,WYNNUM
LYTTON,WYNNUM WEST
MACGREGOR,EIGHT MILE PLAINS
MACGREGOR,NATHAN
MACGREGOR,ROBERTSON
MACGREGOR,SUNNYBANK
MACGREGOR,UPPER MOUNT GRAVATT
MACKENZIE,BELMONT
MACKENZIE,BURBANK
MACKENZIE,CARINDALE
MACKENZIE,MANSFIELD
MACKENZIE,ROCHEDALE
MACKENZIE,WISHART
MANLY,LOTA
MANLY,MANLY WEST
MANLY,WYNNUM
MANLY WEST,LOTA
MANLY WEST,MANLY
MANLY WEST,TINGALPA
MANLY WEST,WAKERLEY
MANLY WEST,WYNNUM
MANLY WEST,WYNNUM WEST
MANSFIELD,CARINA HEIGHTS
MANSFIELD,CARINDALE
MANSFIELD,MACKENZIE
MANSFIELD,MOUNT GRAVATT EAST
MANSFIELD,ROCHEDALE
MANSFIELD,UPPER MOUNT GRAVATT
MANSFIELD,WISHART
MCDOWALL,ASPLEY
MCDOWALL,BRIDGEMAN DOWNS
MCDOWALL,CHERMSIDE WEST
MCDOWALL,EVERTON PARK
MCDOWALL,STAFFORD HEIGHTS
MIDDLE PARK,JAMBOREE HEIGHTS
MIDDLE PARK,MOUNT OMMANEY
MIDDLE PARK,RIVERHILLS
MIDDLE PARK,SUMNER
MIDDLE PARK,WESTLAKE
MILTON,AUCHENFLOWER
MILTON,BRISBANE CITY
MILTON,PADDINGTON
MILTON,PETRIE TERRACE
MILTON,SOUTH BRISBANE
MILTON,WEST END
MITCHELTON,ENOGGERA
MITCHELTON,EVERTON PARK
MITCHELTON,GAYTHORNE
MITCHELTON,KEPERRA
MOGGILL,ANSTEAD
MOGGILL,BELLBOWRIE
MOGGILL,RIVERHILLS
MOGGILL,WACOL
MOOROOKA,ANNERLEY
MOOROOKA,ROCKLEA
MOOROOKA,SALISBURY
MOOROOKA,TARRAGINDI
MOOROOKA,YEERONGPILLY
MORETON ISLAND,BULWER
MORETON ISLAND,COWAN COWAN
MORETON ISLAND,KOORINGAL
MORNINGSIDE,BALMORAL
MORNINGSIDE,BULIMBA
MORNINGSIDE,CANNON HILL
MORNINGSIDE,EAGLE FARM
MORNINGSIDE,HAMILTON
MORNINGSIDE,HAWTHORNE
MORNINGSIDE,MURARRIE
MORNINGSIDE,NORMAN PARK
MORNINGSIDE,SEVEN HILLS
MOUNT COOT-THA,BARDON
MOUNT COOT-THA,BROOKFIELD
MOUNT COOT-THA,CHAPEL HILL
MOUNT COOT-THA,INDOOROOPILLY
MOUNT COOT-THA,KENMORE HILLS
MOUNT COOT-THA,TARINGA
MOUNT COOT-THA,THE GAP
MOUNT COOT-THA,TOOWONG
MOUNT CROSBY,ANSTEAD
MOUNT CROSBY,CHUWAR
MOUNT CROSBY,KARANA DOWNS
MOUNT CROSBY,KHOLO
MOUNT GRAVATT,HOLLAND PARK
MOUNT GRAVATT,HOLLAND PARK WEST
MOUNT GRAVATT,MOUNT GRAVATT EAST
MOUNT GRAVATT,NATHAN
MOUNT GRAVATT,TARRAGINDI
MOUNT GRAVATT,UPPER MOUNT GRAVATT
MOUNT GRAVATT EAST,CARINA HEIGHTS
MOUNT GRAVATT EAST,CARINDALE
MOUNT GRAVATT EAST,HOLLAND PARK
MOUNT GRAVATT EAST,MANSFIELD
MOUNT GRAVATT EAST,MOUNT GRAVATT
MOUNT GRAVATT EAST,UPPER MOUNT GRAVATT
MOUNT OMMANEY,JAMBOREE HEIGHTS
MOUNT OMMANEY,JINDALEE
MOUNT OMMANEY,MIDDLE PARK
MOUNT OMMANEY,PINJARRA HILLS
MOUNT OMMANEY,SINNAMON PARK
MOUNT OMMANEY,WESTLAKE
MURARRIE,CANNON HILL
MURARRIE,EAGLE FARM
MURARRIE,HAMILTON
MURARRIE,HEMMANT
MURARRIE,MORNINGSIDE
MURARRIE,PINKENBA
MURARRIE,TINGALPA
NATHAN,COOPERS PLAINS
NATHAN,HOLLAND PARK WEST
NATHAN,MACGREGOR
NATHAN,MOUNT GRAVATT
NATHAN,ROBERTSON
NATHAN,SALISBURY
NATHAN,TARRAGINDI
NATHAN,UPPER MOUNT GRAVATT
NEW FARM,EAST BRISBANE
NEW FARM,FORTITUDE VALLEY
NEW FARM,HAWTHORNE
NEW FARM,KANGAROO POINT
NEW FARM,NORMAN PARK
NEW FARM,TENERIFFE
NEWMARKET,ALDERLEY
NEWMARKET,ASHGROVE
NEWMARKET,GRANGE
NEWMARKET,KELVIN GROVE
NEWMARKET,RED HILL
NEWMARKET,WILSTON
NEWSTEAD,ALBION
NEWSTEAD,BOWEN HILLS
NEWSTEAD,BULIMBA
NEWSTEAD,FORTITUDE VALLEY
NEWSTEAD,HAMILTON
NEWSTEAD,TENERIFFE
NORMAN PARK,CAMP HILL
NORMAN PARK,COORPAROO
NORMAN PARK,EAST BRISBANE
NORMAN PARK,HAWTHORNE
NORMAN PARK,MORNINGSIDE
NORMAN PARK,NEW FARM
NORMAN PARK,SEVEN HILLS
NORTHGATE,BANYO
NORTHGATE,BRISBANE AIRPORT
NORTHGATE,NUNDAH
NORTHGATE,VIRGINIA
NUDGEE,BANYO
NUDGEE,BOONDALL
NUDGEE,BRISBANE AIRPORT
NUDGEE,NUDGEE BEACH
NUDGEE BEACH,BOONDALL
NUDGEE BEACH,BRISBANE AIRPORT
NUDGEE BEACH,NUDGEE
NUDGEE BEACH,SHORNCLIFFE
NUNDAH,BRISBANE AIRPORT
NUNDAH,CLAYFIELD
NUNDAH,HENDRA
NUNDAH,KALINGA
NUNDAH,NORTHGATE
NUNDAH,VIRGINIA
NUNDAH,WAVELL HEIGHTS
OXLEY,CORINDA
OXLEY,DARRA
OXLEY,DURACK
OXLEY,FIG TREE POCKET
OXLEY,INALA
OXLEY,RICHLANDS
OXLEY,ROCKLEA
OXLEY,SEVENTEEN MILE ROCKS
OXLEY,WILLAWONG
PADDINGTON,AUCHENFLOWER
PADDINGTON,BARDON
PADDINGTON,MILTON
PADDINGTON,PETRIE TERRACE
PADDINGTON,RED HILL
PALLARA,ALGESTER
PALLARA,DOOLANDELLA
PALLARA,FOREST LAKE
PALLARA,HEATHWOOD
PALLARA,LARAPINTA
PALLARA,PARKINSON
PALLARA,WILLAWONG
PARKINSON,ALGESTER
PARKINSON,CALAMVALE
PARKINSON,DREWVALE
PARKINSON,LARAPINTA
PARKINSON,PALLARA
PETRIE TERRACE,BRISBANE CITY
PETRIE TERRACE,KELVIN GROVE
PETRIE TERRACE,MILTON
PETRIE TERRACE,PADDINGTON
PETRIE TERRACE,RED HILL
PETRIE TERRACE,SPRING HILL
PINJARRA HILLS,ANSTEAD
PINJARRA HILLS,BELLBOWRIE
PINJARRA HILLS,BROOKFIELD
PINJARRA HILLS,JINDALEE
PINJARRA HILLS,KENMORE
PINJARRA HILLS,MOUNT OMMANEY
PINJARRA HILLS,PULLENVALE
PINJARRA HILLS,WESTLAKE
PINKENBA,BRISBANE AIRPORT
PINKENBA,EAGLE FARM
PINKENBA,HEMMANT
PINKENBA,LYTTON
PINKENBA,MURARRIE
PINKENBA,PORT OF BRISBANE
PORT OF BRISBANE,LYTTON
PORT OF BRISBANE,PINKENBA
PORT OF BRISBANE,WYNNUM
PULLENVALE,ANSTEAD
PULLENVALE,BROOKFIELD
PULLENVALE,KHOLO
PULLENVALE,PINJARRA HILLS
PULLENVALE,UPPER BROOKFIELD
RANSOME,CHANDLER
RANSOME,GUMDALE
RANSOME,LOTA
RANSOME,WAKERLEY
RED HILL,ASHGROVE
RED HILL,BARDON
RED HILL,KELVIN GROVE
RED HILL,NEWMARKET
RED HILL,PADDINGTON
RED HILL,PETRIE TERRACE
RICHLANDS,DARRA
RICHLANDS,FOREST LAKE
RICHLANDS,INALA
RICHLANDS,OXLEY
RICHLANDS,WACOL
RIVERHILLS,BELLBOWRIE
RIVERHILLS,MIDDLE PARK
RIVERHILLS,MOGGILL
RIVERHILLS,SUMNER
RIVERHILLS,WACOL
RIVERHILLS,WESTLAKE
ROBERTSON,COOPERS PLAINS
ROBERTSON,MACGREGOR
ROBERTSON,NATHAN
ROBERTSON,SUNNYBANK
ROCHEDALE,BURBANK
ROCHEDALE,EIGHT MILE PLAINS
ROCHEDALE,MACKENZIE
ROCHEDALE,MANSFIELD
ROCHEDALE,WISHART
ROCKLEA,ARCHERFIELD
ROCKLEA,COOPERS PLAINS
ROCKLEA,CORINDA
ROCKLEA,MOOROOKA
ROCKLEA,OXLEY
ROCKLEA,SALISBURY
ROCKLEA,SHERWOOD
ROCKLEA,TENNYSON
ROCKLEA,WILLAWONG
ROCKLEA,YEERONGPILLY
RUNCORN,CALAMVALE
RUNCORN,EIGHT MILE PLAINS
RUNCORN,KURABY
RUNCORN,STRETTON
RUNCORN,SUNNYBANK
RUNCORN,SUNNYBANK HILLS
SALISBURY,COOPERS PLAINS
SALISBURY,MOOROOKA
SALISBURY,NATHAN
SALISBURY,ROCKLEA
SALISBURY,TARRAGINDI
SANDGATE,BOONDALL
SANDGATE,BRACKEN RIDGE
SANDGATE,BRIGHTON
SANDGATE,DEAGON
SANDGATE,SHORNCLIFFE
SEVEN HILLS,CAMP HILL
SEVEN HILLS,CANNON HILL
SEVEN HILLS,CARINA
SEVEN HILLS,MORNINGSIDE
SEVEN HILLS,NORMAN PARK
SEVENTEEN MILE ROCKS,DARRA
SEVENTEEN MILE ROCKS,FIG TREE POCKET
SEVENTEEN MILE ROCKS,OXLEY
SEVENTEEN MILE ROCKS,SINNAMON PARK
SHERWOOD,CORINDA
SHERWOOD,FIG TREE POCKET
SHERWOOD,GRACEVILLE
SHERWOOD,ROCKLEA
SHERWOOD,TENNYSON
SHORNCLIFFE,BOONDALL
SHORNCLIFFE,NUDGEE BEACH
SHORNCLIFFE,SANDGATE
SINNAMON PARK,DARRA
SINNAMON PARK,FIG TREE POCKET
SINNAMON PARK,JAMBOREE HEIGHTS
SINNAMON PARK,JINDALEE
SINNAMON PARK,MOUNT OMMANEY
SINNAMON PARK,SEVENTEEN MILE ROCKS
SINNAMON PARK,SUMNER
SOUTH BRISBANE,BRISBANE CITY
SOUTH BRISBANE,DUTTON PARK
SOUTH BRISBANE,HIGHGATE HILL
SOUTH BRISBANE,KANGAROO POINT
SOUTH BRISBANE,MILTON
SOUTH BRISBANE,WEST END
SOUTH BRISBANE,WOOLLOONGABBA
SPRING HILL,BOWEN HILLS
SPRING HILL,BRISBANE CITY
SPRING HILL,FORTITUDE VALLEY
SPRING HILL,HERSTON
SPRING HILL,KELVIN GROVE
SPRING HILL,PETRIE TERRACE
ST LUCIA,DUTTON PARK
ST LUCIA,FAIRFIELD
ST LUCIA,HIGHGATE HILL
ST LUCIA,INDOOROOPILLY
ST LUCIA,TARINGA
ST LUCIA,TOOWONG
ST LUCIA,WEST END
ST LUCIA,YERONGA
STAFFORD,ALDERLEY
STAFFORD,ENOGGERA
STAFFORD,EVERTON PARK
STAFFORD,GORDON PARK
STAFFORD,GRANGE
STAFFORD,KEDRON
STAFFORD,STAFFORD HEIGHTS
STAFFORD HEIGHTS,CHERMSIDE WEST
STAFFORD HEIGHTS,EVERTON PARK
STAFFORD HEIGHTS,KEDRON
STAFFORD HEIGHTS,MCDOWALL
STAFFORD HEIGHTS,STAFFORD
STONES CORNER,COORPAROO
STONES CORNER,GREENSLOPES
STONES CORNER,WOOLLOONGABBA
STRETTON,CALAMVALE
STRETTON,DREWVALE
STRETTON,KARAWATHA
STRETTON,KURABY
STRETTON,RUNCORN
STRETTON,SUNNYBANK HILLS
SUMNER,DARRA
SUMNER,JAMBOREE HEIGHTS
SUMNER,MIDDLE PARK
SUMNER,RIVERHILLS
SUMNER,SINNAMON PARK
SUMNER,WACOL
SUNNYBANK,ACACIA RIDGE
SUNNYBANK,COOPERS PLAINS
SUNNYBANK,EIGHT MILE PLAINS
SUNNYBANK,MACGREGOR
SUNNYBANK,ROBERTSON
SUNNYBANK,RUNCORN
SUNNYBANK,SUNNYBANK HILLS
SUNNYBANK HILLS,ACACIA RIDGE
SUNNYBANK HILLS,ALGESTER
SUNNYBANK HILLS,CALAMVALE
SUNNYBANK HILLS,RUNCORN
SUNNYBANK HILLS,STRETTON
SUNNYBANK HILLS,SUNNYBANK
TAIGUM,BOONDALL
TAIGUM,DEAGON
TAIGUM,FITZGIBBON
TAIGUM,ZILLMERE
TARINGA,INDOOROOPILLY
TARINGA,MOUNT COOT-THA
TARINGA,ST LUCIA
TARINGA,TOOWONG
TARRAGINDI,ANNERLEY
TARRAGINDI,GREENSLOPES
TARRAGINDI,HOLLAND PARK WEST
TARRAGINDI,MOOROOKA
TARRAGINDI,MOUNT GRAVATT
TARRAGINDI,NATHAN
TARRAGINDI,SALISBURY
TENERIFFE,BULIMBA
TENERIFFE,FORTITUDE VALLEY
TENERIFFE,HAWTHORNE
TENERIFFE,NEW FARM
TENERIFFE,NEWSTEAD
TENNYSON,GRACEVILLE
TENNYSON,INDOOROOPILLY
TENNYSON,ROCKLEA
TENNYSON,SHERWOOD
TENNYSON,YEERONGPILLY
TENNYSON,YERONGA
THE GAP,ASHGROVE
THE GAP,BARDON
THE GAP,BROOKFIELD
THE GAP,ENOGGERA
THE GAP,ENOGGERA RESERVOIR
THE GAP,KEPERRA
THE GAP,MOUNT COOT-THA
THE GAP,UPPER KEDRON
TINGALPA,BELMONT
TINGALPA,CANNON HILL
TINGALPA,CARINA
TINGALPA,CARINDALE
TINGALPA,GUMDALE
TINGALPA,HEMMANT
TINGALPA,MANLY WEST
TINGALPA,MURARRIE
TINGALPA,WAKERLEY
TINGALPA,WYNNUM WEST
TOOWONG,AUCHENFLOWER
TOOWONG,BARDON
TOOWONG,MOUNT COOT-THA
TOOWONG,ST LUCIA
TOOWONG,TARINGA
TOOWONG,WEST END
UPPER BROOKFIELD,BROOKFIELD
UPPER BROOKFIELD,ENOGGERA RESERVOIR
UPPER BROOKFIELD,KHOLO
UPPER BROOKFIELD,LAKE MANCHESTER
UPPER BROOKFIELD,PULLENVALE
UPPER KEDRON,ENOGGERA RESERVOIR
UPPER KEDRON,FERNY GROVE
UPPER KEDRON,KEPERRA
UPPER KEDRON,THE GAP
UPPER MOUNT GRAVATT,EIGHT MILE PLAINS
UPPER MOUNT GRAVATT,MACGREGOR
UPPER MOUNT GRAVATT,MANSFIELD
UPPER MOUNT GRAVATT,MOUNT GRAVATT
UPPER MOUNT GRAVATT,MOUNT GRAVATT EAST
UPPER MOUNT GRAVATT,NATHAN
UPPER MOUNT GRAVATT,WISHART
VIRGINIA,BANYO
VIRGINIA,BOONDALL
VIRGINIA,GEEBUNG
VIRGINIA,NORTHGATE
VIRGINIA,NUNDAH
VIRGINIA,WAVELL HEIGHTS
WACOL,DARRA
WACOL,ELLEN GROVE
WACOL,FOREST LAKE
WACOL,MOGGILL
WACOL,RICHLANDS
WACOL,RIVERHILLS
WACOL,SUMNER
WAKERLEY,GUMDALE
WAKERLEY,LOTA
WAKERLEY,MANLY WEST
WAKERLEY,RANSOME
WAKERLEY,TINGALPA
WAVELL HEIGHTS,CHERMSIDE
WAVELL HEIGHTS,GEEBUNG
WAVELL HEIGHTS,KALINGA
WAVELL HEIGHTS,KEDRON
WAVELL HEIGHTS,NUNDAH
WAVELL HEIGHTS,VIRGINIA
WEST END,AUCHENFLOWER
WEST END,HIGHGATE HILL
WEST END,MILTON
WEST END,SOUTH BRISBANE
WEST END,ST LUCIA
WEST END,TOOWONG
WESTLAKE,BELLBOWRIE
WESTLAKE,MIDDLE PARK
WESTLAKE,MOUNT OMMANEY
WESTLAKE,PINJARRA HILLS
WESTLAKE,RIVERHILLS
WILLAWONG,ACACIA RIDGE
WILLAWONG,ALGESTER
WILLAWONG,ARCHERFIELD
WILLAWONG,DOOLANDELLA
WILLAWONG,DURACK
WILLAWONG,OXLEY
WILLAWONG,PALLARA
WILLAWONG,ROCKLEA
WILSTON,GRANGE
WILSTON,HERSTON
WILSTON,KELVIN GROVE
WILSTON,NEWMARKET
WILSTON,WINDSOR
WINDSOR,ALBION
WINDSOR,BOWEN HILLS
WINDSOR,GRANGE
WINDSOR,HERSTON
WINDSOR,LUTWYCHE
WINDSOR,WILSTON
WISHART,EIGHT MILE PLAINS
WISHART,MACKENZIE
WISHART,MANSFIELD
WISHART,ROCHEDALE
WISHART,UPPER MOUNT GRAVATT
WOOLLOONGABBA,ANNERLEY
WOOLLOONGABBA,COORPAROO
WOOLLOONGABBA,DUTTON PARK
WOOLLOONGABBA,EAST BRISBANE
WOOLLOONGABBA,FAIRFIELD
WOOLLOONGABBA,GREENSLOPES
WOOLLOONGABBA,KANGAROO POINT
WOOLLOONGABBA,SOUTH BRISBANE
WOOLLOONGABBA,STONES CORNER
WOOLOOWIN,ALBION
WOOLOOWIN,CLAYFIELD
WOOLOOWIN,KALINGA
WOOLOOWIN,KEDRON
WOOLOOWIN,LUTWYCHE
WYNNUM,LYTTON
WYNNUM,MANLY
WYNNUM,MANLY WEST
WYNNUM,PORT OF BRISBANE
WYNNUM,WYNNUM WEST
WYNNUM WEST,HEMMANT
WYNNUM WEST,LYTTON
WYNNUM WEST,MANLY WEST
WYNNUM WEST,TINGALPA
WYNNUM WEST,WYNNUM
YEERONGPILLY,ANNERLEY
YEERONGPILLY,MOOROOKA
YEERONGPILLY,ROCKLEA
YEERONGPILLY,TENNYSON
YEERONGPILLY,YERONGA
YERONGA,ANNERLEY
YERONGA,FAIRFIELD
YERONGA,INDOOROOPILLY
YERONGA,ST LUCIA
YERONGA,TENNYSON
YERONGA,YEERONGPILLY
ZILLMERE,ASPLEY
ZILLMERE,BOONDALL
ZILLMERE,CARSELDINE
ZILLMERE,FITZGIBBON
ZILLMERE,GEEBUNG
